;янв.12;фев.12;мар.12;апр.12;май.12;июн.12;июл.12;авг.12;сен.12;окт.12;ноя.12;дек.12;янв.13;фев.13;мар.13;апр.13;май.13;июн.13;июл.13;авг.13;сен.13;окт.13;ноя.13;дек.13;янв.14;фев.14;мар.14;апр.14;май.14;июн.14;июл.14;авг.14;сен.14;окт.14;ноя.14;дек.14;янв.15;фев.15;мар.15;апр.15;май.15;июн.15;июл.15;авг.15;сен.15;окт.15;ноя.15;дек.15;янв.16;фев.16;мар.16;апр.16;май.16;июн.16;июл.16;авг.16;сен.16;окт.16;ноя.16;дек.16;янв.17;фев.17;мар.17;апр.17;май.17;июн.17;июл.17;авг.17;сен.17;окт.17;ноя.17;дек.17;янв.18;фев.18;мар.18;апр.18;май.18;июн.18;июл.18;авг.18;сен.18;окт.18;ноя.18;дек.18;янв.19;фев.19;мар.19;апр.19;май.19;июн.19;июл.19;авг.19;сен.19;окт.19;ноя.19;дек.19;янв.20;фев.20;мар.20;апр.20;май.20;июн.20;июл.20;авг.20;сен.20;окт.20;ноя.20;дек.20;янв.21;фев.21;;;;;;;;;;;;;;;;;;;;;;;;;;;;;;;;
9.1 Аргументы и факты;Видный оппозиционер рассказал о национализме и о том, почему кричит на;Одним из них стал известный блоггер и лидер несистемной оппозиции Алексей Навальный. ;Блогер Алексей Навальный пообещал во вторник запустить «универсальную пропагандистскую машину, которая будет работать не хуже, чем Первый канал».;Под этим обращением стоят подписи супруга Удальцовой, координатора «Левого фронта» Сергея Удальцова, лидера «Солидарности» Бориса Немцова, блогера Алексея Навального, журналистки Ольги Романовой, лидера ОНФ Гарри Каспарова и журналистки Марии Гессен.;Многим нравится политический стиль блогера Алексея Навального и главы фонда «Город без наркотиков» Евгения Ройзмана.;Первой поступила информация об обыске в квартире оппозиционера Алексея Навального. «У меня дома идет обыск. По делу о массовых беспорядках. Чуть дверь не распилили», - написал Навальный.;«Это обвинение странное и абсурдное», - заявил оппозиционер, отпущенный под подписку о невыезде;Её кандидатуру предложил видный оппозиционер и блоггер Алексей Навальный.;Следом за Гудковым идет популярный блоггер и адвокат, сделавший себе имя на борьбе с коррупцией Алексей Навальный. ;0;0;В этот день на Чистопрудном бульваре состоялась акция движения «Солидарность» против результатов выборов. На ней присутствовали, по разным оценкам, от 2 до 10 тысяч человек. Перед митингующими выступили оппозиционеры Алексей Навальный, Борис Немцов, Евгения Чирикова и другие.;Следователи не исключают, что к этой сделке причастен и оппозиционер Алексей Навальный, работавший советником Белых.;Координатор «Левого фронта» Сергей Удальцов, блогер Алексей Навальный, член бюро движения «Солидарность» Илья Яшин. ;0;"Уступая амбициям своих сторонников, оппозиционер не намерен отказываться и от собственных политических притязаний. Именно по этому, считает Макаркин, популярный блогер сторонится членства в «Народном Альянсе».
";Оппозиционер Алексей Навальный пишет в своем блоге: «Глория Мунди любого злодея однажды сделает Сик Транзит» (трансформируя знаменитое латинское выражение Sic transit gloria mundi -  «Так проходит мирская слава»).;"Также блогер заявил, что в случае своей победы намерен провести децентрализацию власти в столице.
";Вечером 10-го июля Алексея Навального задержали сотрудники полиции, правда, вскоре его отпустили и принесли извинения. Это произошло на выходе из Мосизбиркома, куда оппозиционер в сопровождении сотрудников избирательного штаба доставил подписи муниципальных депутатов в свою поддержку.;Его стали воспринимать и как серьёзного политика, и как неизбежного и необходимого лидера, без которого никуда, считает Борис Кагарлицкий, директор Института глобализации и социальных движений.;Президент предпочитает именовать оппозиционера «этот человек» или «этот господин»;Ранее стало известно, что известному оппозиционеру заменили реальный срок лишения свободы условным;Известный блогер Алексей Навальный уверен, что дворцы чиновников не соответствуют заявленным ими доходам;Оппозиционер и экс-кандидат в мэры Москвы Алексей Навальный занял четвертое место в рейтинге, состоящем из 50 наиболее часто упоминавшихся в российских СМИ в 2013 году персон, сообщается на сайте Медиалогии. ;Оппозиционер Алексей Навальный ранее сообщил, что Максим Ликсутов и его жена якобы владеют зарубежной компанией;Оппозиционеру запретили покидать пределы своей квартиры, пользоваться любыми средствами связи и интернетом;Оппозиционер был заключен под домашний арест в конце февраля в рамках расследования дела «Ив Роше»;Суд не удовлетворил ходатайство обвинения об ужесточении меры пресечения политику;Адвокат Руденского с ходатайством оппозиционера не согласился, назвав его некорректным и не имеющим отношения к данному иску.;Следователи провели в квартире оппозиционера обыск, в ходе которого обнаружили несколько документов и картину владимирского художника Сергея Сотова;На испытательном срок блогер находится в связи с обвинительным приговором по делу о хищении на предприятии «Кировлес».;Люблинский суд Москвы обязал блогера Алексея Навального выплатить 600 тысяч рублей по иску заместителя мэра столицы Максима Ликсутова о защите чести и достоинства, сообщает во вторник ИТАР-ТАСС.;Стороннику оппозиционера Алексея Навального Георгию Албурову предъявили обвинение в краже картины «Плохой и хороший человек» художника Сергея Сотова, сообщает ИТАР-ТАСС со ссылкой на члена «Партии прогресса»  Николая Ляскина.;В октябре текущего года истекает срок ареста, назначенного блогеру Басманным судом 28 февраля в рамках дела о хищении у компании «Ив Роше». ;В отношении оппозиционера в настоящее время расследуются дело о хищении средств у компании «Ив Роше». ;Прокуратура попросила приговорить оппозиционера и блогера Алексея Навального к девяти годам лишения свободы по делу о хищении средств компании «Ив Роше», а для его брата Олега Навального - восемь лет колонии, передает ТАСС.;Оппозиционер и его защита просили отменить решение о продлении ему срока домашнего ареста в рамках дела «Ив Роше» до 15 февраля;"Судебные приставы задержали 19 февраля в московском метро блогера и политического деятеля Алексея Навального. 
";"ФСИН в очередной раз попросила суд о рассмотрении вопроса изменения условного срока на реальный оппозиционеру Алексею Навальному по делу «Кировлеса», об этом во вторник сообщает Интерфакс.
";"Гособвинение полагает, что обвинение соратника оппозиционера Алексея Навального Георгия Албурова в краже полотна «Плохой и хороший человек» доказаны, об этом сообщает РИА Новости.
";Раньше Навальный мог являться во ФСИН в удобные для него дни. Сейчас инспекция установила определенные даты. Несмотря на то, что суд пошел навстречу ФСИН, решение еще не вступило в силу, поскольку защита блогера собирается обжаловать его.;Свое решение ведомство мотивировало тем, что оппозиционер отбывает 3,5 года лишения свободы условно;Пресс-секретарь президента России Дмитрий Песков назвал абсурдом информацию, появившуюся в зарубежных СМИ о том, что Кремль якобы запретил чиновникам и руководителям госкомпаний упоминать имя оппозиционера Алексея Навального, сообщает Интерфакс.;Пресс-секретарь Алексея Навального Кира Ярмыш сообщила, что в немецком суде Бонн завершился процесс над хакером Сергеем Максимовым, взломавшим почту оппозиционера, передает Интерфакс.;Порядка 500 человек собрались на митинг сторонников оппозиционера Алексея Навального «за сменяемость власти» в районе Марьино в Москве, передает ТАСС.;Председатель партии «Яблоко» Сергей Митрохин заявил, что партии будет достаточно получить от оппозиционера Алексея Навального опровержение недостоверных сведений в адрес кандидата в Костроме Владимира Михайлова, передает Интерфакс.;Истцами выступают Саблин и его супруга Алла. Они требуют опровержения опубликованных блогером материалов, а также выплаты компенсации в размере 5 миллионов рублей каждому.;Оппозиционер выплатил 4,5 миллиона рублей, исполнительное производство по делу закрыто;Прокуратура настаивала на том, что оппозиционер систематически нарушает режим посещения инспекции, подрывая таким образом авторитет пенитенциарной системы;Ранее оппозиционер сообщил, что его помощники передали в Тверской суд иск к российскому президенту;Оппозиционера атаковали два неизвестных молодых человека;Ранее Дмитрий Саблин подал в суд на блогера, написавшего, что он нажил имущество преступным путем;0;Против условно-досрочного освобождения брата оппозиционера Алексея Навального выступили прокуратура и ФСИН;Люблинский суд столицы 1 августа рассмотрит вопрос замены условного наказания  Алексея Навального на реальный срок, передает Интерфакс со ссылкой на адвоката оппозиционера Вадима Кобзева.;Люблинский суд Москвы отказал в удовлетворении представления ФСИН о замене наказания для оппозиционера Алексея Навального, передает Интерфакс.;Пресс-служба Конституционного суда РФ сообщила, что суд не будет рассматривать жалобу оппозиционера Алексея Навального на норму Кодекса административного судопроизводства.;0;Оппозиционер Алексей Навальный получил возможность баллотироваться на пост президента, а также принимать участие в качестве кандидата на выборах в другие органы власти, пишет РБК.;По словам политика, он хочет, чтобы 2018 год стал выбором пути развития страны.;Ранее суд Ленинского района Кирова постановил принудительно доставить оппозиционера на процесс;Прокурор в Ленинском районном суде Кирова попросил для блогера Алексея Навального пять лет лишения свободы условно по делу о хищении средств компании «Кировлес», передает ТАСС.;Оппозиционного политика арестовали за сопротивление полиции при задержании на акции протеста;Скандал между Алексеем Навальным и Алишером Усмановым разгорелся на днях. Оппозиционер обвинил предпринимателя в ряде серьезных правонарушений.;Оппозиционер сообщил подписчикам в соцсетях, что зрение будет возвращаться не один месяц;Оппозиционер Алексей Навальный приговорен Симоновским судом Москвы к 30 суткам ареста за призывы к участию в несанкционированной акции, а также за неповиновение правоохранительным органам, передает РИА Новости.;"
ФСИН не обращалась в суд с просьбой о замене условного срока оппозиционеру Алексею Навальному на реальный, сообщает РИА Новости со ссылкой на источник в правоохранительных органах.";Мосгорсуд сегодня отказался удовлетворить жалобу оппозиционера Алексея Навального на решение, которое ранее было принято по иску бизнесмена Алишера Усманова, передает ТАСС.;Мосгорсуд признал законным взыскание 2 млн рублей с оппозиционера Алексея Навального и предпринимателя Петра Офицерова по гражданскому иску государственной компании «Кировлес».;"
Суд назначил административный арест сроком на 20 суток оппозиционеру Алексею Навальному, передает ТАСС. Причиной стали призывы к участию в несанкционированных акциях.";Бывший министр финансов России Алексей Кудрин считает, что блогер Алексей Навальный может баллотироваться на пост президента РФ при условии соблюдения всех;Политик имеет право обжаловать это решение в апелляционную инстанцию Верховного суда РФ;Напомним, ЦИК не стал допускать Навального к выборам президента в связи с тем, что он имеет две условные судимости. Тогда политик подал жалобу в Верховный суд.;"Оппозиционер Алексей Навальный был задержан утром в четверг в Москве.
";Соратников блогера Алексея Навального поймали на подготовке провокации во время выборов, пишет Newinform.;Президиум Верховного суда оставил в силе приговор по делу «Ив Роше» оппозиционеру Алексею Навальному и его брату Олегу, сообщает Коммерсант;Суд в Москве назначил 15 суток административного ареста оппозиционеру Алексею Навальному за неповиновение полиции на несогласованной акции, передает Интерфакс.;0;0;Защита оппозиционера намерена оспорить это решение. Пресс-секретарь суда Анастасия Дзюрко уточнила, что в срок наказания уже зачтено время задержания Навального –  восемь часов 28 января и еще три часа 27 августа.;Мосгорсуд отклонил апелляционную жалобу адвоката на решение суда об аресте оппозиционера Алексея Навального, сообщает «Интерфакс». ;Оппозиционный политик Алексей Навальный вышел из спецприемника после 20 суток административного ареста, передает Интерфакс.;Выезд блогеру могли запретить из-за долга в 2,1 млн рублей;Иск оппозиционера Алексея Навального к управлению Федеральной службы судебных приставов по поводу запрета на выезд за пределы России частично удовлетворен.;0;Арбитражный суд Москвы удовлетворил иск крымского мясокомбината «Дружба народов» к блогеру Алексею Навальному и постановил удалить публикацию о поставках некачественных продуктов по завышенным ценам для Росгвардии, сообщает РИА Новости.;0;Не успела ещё по Сети разойтись информация о том, что оппозиционер Алексей Навальный получает многомиллионные суммы на свои биткоин-кошельки прямо перед публикацией видеороликов с расследованиями, как автор Telegram-канала «Исповедь сотрудника ФБК» выложила новый компромат на политика. ;0;Как сообщает ТАСС, среди задержанных участников акции – блогер Алексей Навальный. ;Блогер просил прекратить производство по делу в связи с заболеванием, полученным в ходе отбывания наказания;СК возбудил уголовное дело против Фонда борьбы с коррупцией блогера Алексея Навального.;В интернете появился видеоролик с вечеринки, на которой присутствовали неизвестный голый мужчина, оппозиционер Алексей Навальный с супругой, участница скандально известной группы Pussy Riot Надежда Толоконникова и юрист ФБК Любовь Соболь.;0;0; Глава муниципального округа Красносельский Илья Яшин, экс-депутат Госдумы Дмитрий Гудков, политик Алексей Навальный и его соратница Любовь Соболь призвали людей выйти на улицы, а после задержаний не оказали задержанным никакой реальной помощи.;0;0;0;0;Сразу после ресурса Ходорковского (ещё через день, 30 апреля) — оппозиционер Алексей Навальный и его пресс-секретарь Кира Ярмыш;В прокуратуре Москвы признали законным возбуждение уголовного дела в отношении блогера Алексея Навального;Следствие избрало в качестве меры пресечения в отношении блогера Алексея Навального по делу о клевете в адрес ветерана ВОВ подписку о невыезде. ;МИД России назвал оскорбительными обвинение западных стран в попытке скрыть информацию о состоянии Алексея Навального и отметил, что отравление политика невыгодно российскому руководству.;Накануне Навального выписали из берлинской клиники «Шарите», где он лечился после отравления ядом из группы «Новичок». Российские власти отрицают причастность к отравлению: Владимир Путин предположил, что политик отравился сам, а Мария Захарова заявила, что в России и СССР никогда не производили «Новичок».;Заместитель главврача омской Городской больницы скорой помощи № 1 Анатолий Калиниченко, куда был госпитализирован политик Алексей Навальный, заявил, что увольняется. ;"Повод для введения санкций Евросоюза против России из-за инцидента с блогером Алексеем Навальным был сомнительным, такое мнение в интервью RT выразил пресс-секретарь российского лидера Дмитрий Песков.
";Суд взыскал с Навального 140 тысяч рублей по иску блогера;Доставалось и тем гражданам, которые демонстрировали свою нелюбовь к оппозиционному политику Алексею Навальному, чьи сторонники и призвали к протестам.;20 февраля суд приговорил оппозиционного блогера Алексея Навального к штрафу в размере 850 тыс. рублей по делу о клевете против ветерана Великой Отечественной войны Игната Артеменко.;;;;;;;;;;;;;;;;;;;;;;;;;;;;;;;;
9.2 Российская газета;0;Среди тех, кто стоял в живой цепи, были замечены оппозиционные политики Рыжков, Немцов, Каспаров, Яшин, блогер Навальный, телеведущие Собчак и Лазарева. ;"Блогера Алексея Навального и сопредседателя ""Солидарности"" Илью Яшина отпустят из полицейского участка после составления административных протоколов.
"; 14 декабря выступили у спецприемника на Симферопольском бульваре, где содержались арестованные оппозиционеры Алексей Навальный и Илья Яшин.;Блогер Алексей Навальный был задержан полицией рано утром 9 мая на Кудринской площади.;Вчера Следственный комитет быстро и жестко отреагировал на заявление известного блогера Алексея Навального о том, что неизвестные взломали его электронную почту и Твиттер.;"Защита Навального заранее предположила, что известный блогер вызван для предъявления обвинения. 
";"Мосгорсуд рассмотрел жалобы не только сопредседателей ""Солидарности"", а также блогера Алексея Навального на решение Басманного суда, который выдавал санкции на обыски по делу о беспорядках на Болотной площади 6 мая нынешнего года.";На прошлой неделе оппозиционеру Алексею Навальному следователи вернули десять тысяч рублей, изъятые в ходе обысков по тому же делу.;"Причем наибольшее внимание уделено блогеру Алексею Навальному, лидеру движения ""Левый фронт"" Сергею Удальцову, сопредседателю РПР-ПАРНАС Борису Немцову, депутату Госдумы Илье Пономареву, экс-депутату Геннадию Гудкову, солистке Pussy Riot Надежде Толоконниковой, телеведущей Ксении Собчак. ";Региональные власти дали ответ известному блогеру Алексею Навальному, который накануне на своей странице в Интернете упрекнул губернатора;"Еще одно уголовное дело, причем весьма необычное, появилось в связи с нашумевшим расследованием о хищениях в компании ""Кировлес"", одним из фигурантов которого стал адвокат и блогер Алексей Навальный.";"Следственные действия по делу ""Кировлеса"", подозреваемым по которому проходит оппозиционер Алексей Навальный, завершены. 
";"О том, что оппозиционер незаконно получил статус адвоката, в своем микроблоге в Twitter написал официальный представитель СК Владимир Маркин.
";"Вчера Главное следственное управление Следственного комитета РФ объявило, что завершено расследование уголовного дела известного блогера Алексея Навального и директора ООО ""Вятская Лесная компания"" Петра Офицерова.";"Алексей Навальный заявил, что хочет стать президентом России. По сообщениям ""Интерфакса"", свое желание блогер озвучил в эфире телеканала ""Дождь"".
";Первомайский суд Кирова начал рассмотрение жалобы Алексея Навального на обыск в его штабе сотрудниками полиции. Блогер считает, что тем самым были нарушены его права как действующего адвоката.;"Одна из обсуждаемых вчера новостей - обыски, которые провели оперативники у брата Алексея Навального - Олега. Первым об этом сообщил из Кирова сам ""болотный"" оппозиционер. ";"В четверг Кировский суд приговорил известного блогера к пяти годам тюрьмы, признав его виновным в хищении на предприятии ""КировЛес"".";Ранее глава избирательного штаба оппозиционного блогера Леонид Волков сообщил, что Навальный был задержан после встречи с избирателями в Сокольниках, информирует ИТАР-ТАСС.;"Кировский областной суд рассмотрит жалобу на приговор оппозиционеру Алексею Навальному 9 октября в 10 утра. 
";Напомним, Генпрокуратура, проводящая проверку финансирования избирательной кампании Навального по обращению Жириновского, сообщила в понедельник, что сведения о получении оппозиционером средств из-за рубежа подтверждаются. ;Вчера Басманный суд Москвы наложил арест на имущество и счета Олега Навального, родного брата известного политика Алексея Навального.;"""Болотного"" оппозиционера лишили статуса защитника";"Мосгорсуд сегодня признал законным арест имущества оппозиционера Алексея Навального в рамках дела о мошенничестве и легализации денежных средств при перевозке товаров компании ""Ив Роше"". ";"Всероссийское общество охраны природы подозревает блогера Алексея Навального в браконьерстве в связи с размещенной им в Интернете фотографией с убитым лосем и требует объяснений.
";"По данным полиции, блогер был задержан у Замоскворецкого суда 24 февраля во время оглашения приговора фигурантам ""болотного дела"". ";"Замоскворецкий суд Москвы вернул в прокуратуру материалы уголовного дела в отношении блогера Алексея Навального и его брата Олега о мошенничестве и легализации средств компании ""Ив Роше"" .";"Оппозиционер Алексей Навальный и его брат Олег Навальный обвиняются в хищении и легализации средств компании ""Ив Роше"".";"Приговор блогеру Алексею Навальному по делу о клевете на муниципального депутата Алексея Лисовенко признан законным. 
";"Напомним, что блогер находится на испытательном сроке в связи с обвинительным приговором по делу о хищении на предприятии ""Кировлес"". 
";"Напомним, что блогер Алексей Навальный находится на испытательном сроке в связи с обвинительным приговором по делу о хищении на предприятии ""Кировлес"". 
";0;"Замоскворецкий суд Москвы продлил домашний арест оппозиционеру Алексею Навальному на три месяца, сообщает ТАСС.
"; Блогер Навальный ранее отказался давать показания по этому делу;"Блогер Алексей Навальный, проходящий по уголовному делу о мошенничестве, связанном с деятельностью компании ""Ив Роше"", останется под домашним арестом до 14 февраля. ";"""Персонами года"" пользователи соцсети сделали пятерых политиков - Владимира Путина, Виктора Януковича, Петра Порошенко, Барака Обаму и Юлию Тимошенко, а также певицу Нюшу, бородатую звезду ""Евровидения"" Кончиту Вурст, основателя ""ВКонтакте"" Павла Дурова, политика Алексея Навального и трагически ушедшего из жизни актера Робина Уильямса.";Отмечается, что задержание оппозиционера связано с проведением агитации в столичной подземке.;"Федеральная служба исполнения наказаний РФ попросила суд заменить наказание блогеру-оппозиционеру Алексею Навальному, ранее вынесенное судьей. 
";0;"В обоих случаях оппозиционеру вменялись хищения. Все обвинения он отвергает, считая дело политически мотивированным.
";0;0;0;0;Оппозиционер Алексей Навальный оштрафован на 2500 рублей за невыполнение требований приставов;0;0;Напомним, в декабре 2015 года Мосгорсуд признал законным отказ управления ФМС выдать осужденному к условному сроку Алексею Навальному загранпаспорт из-за его судимостей. Защита оппозиционера намерена оспорить это в Европейском суде по правам человека.;0;0;0;0;"Требование оппозиционера Алексея Навального о допуске его незарегистрированной ""Партии прогресса"" к выборам с нарушением закона вызывает недоумение.
";0;Люблинский районный суд Москвы отказался сегодня отправить ранее осужденного к условному наказанию известного блогера Алексея Навального в колонию.;Мосгорсуд на заседании признал законным отказ нижестоящей инстанции заменить блогеру Алексею Навальному условный срок на лишение свободы с отбытием в колонии.;0;"Пресс-секретарь президента Дмитрий Песков назвал информационной ""уткой"" сообщения о том, что представители администрации президента якобы предлагали отпустить под домашний арест экс-губернатора Кировской области Никиту Белых в обмен на показания в отношении оппозиционера Алексея Навального по ""делу Кировлеса"".";"Пресс-секретарь президента РФ Дмитрий Песков прокомментировал журналистам заявление оппозиционера Алексея Навального в связи с продлением ""дела Кировлеса"".
";0;"В Кремле не следят за судебным процессом по делу оппозиционера Алексея Навального.
";"В то же время Тверской райсуд Москвы оштрафовал вчера на 20 тысяч рублей Алексея Навального и отправил его на 15 суток под арест. Блогер был признан виновным по статье ""организация массового одновременного пребывания и (или) передвижения граждан в общественных местах, повлекших нарушение общественного порядка"".";Один из богатейших предпринимателей России Алишер Усманов собирается подать в суд на оппозиционера Алексея Навального за клевету. ;Люблинский районный суд вынес решение по иску бизнесмена Алишера Усманова о защите чести и достоинства к оппозиционному блогеру Алексею Навальному. ;Один из митингов состоялся в Москве, где оппозиционный политик Алексей Навальный в одностороннем порядке отказался от согласованной с властями города акции протеста и призвал своих сторонников выйти на Тверскую улицу.;0;0;"Политика Навального отпустили из столичной полиции до суда
";Как рассказал Чадаев, Одной из тем дискуссии стала  фигура оппозиционного политика Алексея Навального.;"Премьер-министр России Дмитрий Медведев считает опусы, подобные фильму оппозиционера Алексея Навального о нем, попыткой авторов раскрутить себя. 
";В числе последних член ЦИК назвал блогера Алексея Навального, бизнесмена Сергея Полонского и журналиста Олега Лурье.; Тем более когда оппозиционный блогер вновь пытается отмобилизовать подростков.;0;"Глава ЦИК Элла Памфилова заявила в эфире радиостанции ""Эхо Москвы"", что проголосовать более одного раза, используя возможность прикрепиться к избирательному участку не по месту регистрации, невозможно, вопреки сообщению блогера Алексея Навального.
";Официального ответа столичные власти на свое предложение пока не получили, но блогер Алексей Навальный на своей странице в Twitter уже заявил о категорическом отказе от предложенного им маршрута.;"Тогда миллиардер заявил, что блогер ""перешел красную линию"", обвинив его в коррупции, теневых схемах, а также ""ограблении"" сотрудников.
";"Бизнесмен Сергей Михайлов подал в суд иск о защите чести и достоинства против политика Алексея Навального и возглавляемого им Фонда борьбы с коррупцией (ФБК). 
";0;"Обращаясь к политикам Алексею Навальному и Любови Соболь, он сказал: ""Я не знал всей подоплеки. Но вы, господин Навальный, и вы, госпожа Соболь, вы прекрасно знали, что за выход на мирный протест подставили людей по 212-й статье.";Депутата ЛДПР Сергея Иванова вдохновило видеообращение руководителя Росгвардии Виктора Золотова к Фонду борьбы с коррупцией Алексея Навального, когда первый вызвал блогера на дуэль.;"На XIX Всемирном форуме молодежи и студентов в Сочи глава ЦИК РФ Элла Памфилова ответила на вопрос о том, когда оппозиционный политик Алексей Навальный сможет принять участие в выборах президента России.
";0;Стоит напомнить, что другой иск подал в суд недавно директор Росгвардии генерал армии Виктор Золотов. Ответчик - известный оппозиционер и блогер Алексей Навальный. ;Люблинский суд Москвы 11 января вернул главе Росгвардии Виктору Золотову его иск о защите чести, достоинства и деловой репутации к известному оппозиционеру Алексею Навальному.;0;0;0;0;0;Малоизвестные горожанам политики из окружения топового блогера Алексея Навального не раз заявляли, что в их подписных листах автографы поставили по 4 с лишним тысячи реальных избирателей.;"Сегодня фигурант дела о массовых беспорядках 27 июля Сергей Фомин заявил, что политик Алексей Навальный и юрист ФБК Любовь Соболь ""персонально ответственны"" за то, что обвиняемые по делу о массовых беспорядках в Москве находятся в СИЗО.";"Как утверждает издание ""Актуальная политика"", блогер ""улетает в США на аудиенцию к кураторам"", пока ""в региональных штабах Навального вчера прошли обыски по делу об отмывании миллиарда рублей"". 
";Столичная полиция намерена через суд взыскать с блогера Алексея Навального и его сторонников около 18 млн рублей.;Замоскворецкий суд Москвы отказался признать незаконными действия Минюста РФ, которое внесло в реестр некоммерческих организаций - иностранных агентов основанный оппозиционером Алексеем Навальный Фонд борьбы с коррупцией - ФБК.;В Федеральной службе судебных приставов (ФССП) взяли на себя ответственность за проводимый в офисе Фонда борьбы с коррупцией (ФБК - возглавляет оппозиционер Алексей Навальный) обыск.;0;0;0;0;0;"Если суд согласится с позицией следствия, то по этой уголовной статье ранее судимому блогеру грозит штраф до миллиона рублей или двести часов обязательных работ.
";0;"В Кремле знают из СМИ о том, что политик Алексей Навальный находится в тяжелом состоянии и желают ему скорейшего выздоровления.
";"В России идет доследственная проверка случившегося с блогером Алексеем Навальным, и Кремлю не нравится, когда другие государства начинают диктовать, какие юридические процедуры и когда начинать Москве.
";"Блогер Алексей Навальный получает инструкции от специалистов ЦРУ, заявили в Кремле.
";Власти РФ не получили ответов на запросы по инциденту с блогером Алексеем Навальным, однако Москва по-прежнему намерена узнать правду. ;Следователи возбудили в отношении блогера Алексея Навального и нескольких его соратников уголовное дело.;Блогер Алексей Навальный, ранее осужденный в России к условному сроку, а в настоящее время находящийся за рубежом, числится в федеральном розыске. ;Судья мирового участка №321 Вера Акимова вынесла в субботу вечером приговор блогеру Алексею Навальному по резонансному уголовному делу о клевете в адрес ветерана Игната Артеменко.;;;;;;;;;;;;;;;;;;;;;;;;;;;;;;;;
9.4 RT (Russia Today);В Следственном комитете сегодня подтвердили, что оппозиционеру Алексею Навальному предъявлено обвинение в мошенничестве и в отмывании средств, добытых преступным путем. ;0;0;0;0;0;0;0;0;0;0;В Следственном комитете сегодня подтвердили, что оппозиционеру Алексею Навальному предъявлено обвинение в мошенничестве и в отмывании средств, добытых преступным путем. ;0;Информацию о собственности Пехтина в штате Флорида 12 февраля опубликовал в своем блоге оппозиционер Алексей Навальный. ;"Ранее адвокат и блогер Алексей Навальный написал в своем ЖЖ, что Виталий Малкин имеет гражданство Израиля, а также владеет бизнесом и незадекларированной недвижимостью в Канаде. 
";Комментируя дело против оппозиционного блогера Алексея Навального, Владимир Путин заявил, что всем нужно бороться с коррупцией.;реть респондентов высказались за прекращение преследований (прежде всего экс-главы нефтяной компании ЮКОС Михаила Ходорковского и блогера Навального).;Накануне прокуратура города Кирова потребовала изменить оппозиционеру Алексею Навальному меру пресечения с подписки о невыезде на заключение под стражу. Однако суд прошение отклонил.;"Собравшиеся выступили против вынесенного сегодня обвинительного приговора, согласно которому известный блогер и политик Алексей Навальный должен провести ближайшие 5 лет за решеткой по обвинению в растрате имущества государственной компании «Кировлес».
";;Московский городской суд не удовлетворил иск оппозиционера об отмене результатов столичных выборов, которые прошли 8 сентября 2013 года.;Это произошло после того, как было предъявлено окончательное обвинение оппозиционеру Алексею Навальному и его брату Олегу по делу, связанному с жалобой французской фирмы. ;Басманный суд арестовал имущество и банковские счета Олега Навального, брата оппозиционера Алексея Навального.; В ходе пресс-конференции Владимир Путин подтвердил, что его реакция на выдвижение оппозиционера Алексея Навального в качестве кандидата в мэры Москвы была положительной, а также подчеркнул, что «если бы Навальный был опасен, его бы на выборы не пустили».;0;В постановлении Басманного суда, оглашённом сегодня, мера пресечения юристу, известному блогеру и оппозиционному деятелю Алексею Навальному изменена на домашний арест, передаёт Интерфакс. ;Фонд развития гражданского общества (ФоРГО) и его глава Константин Костин направили в Мосгорсуд жалобу по итогам рассмотрения иска к блогеру Алексею Навальному. ;Алексей Лисовенко подал обращение в Генпрокуратуру и в Роскомнадзор, в котором обвинил Навального в нарушении условий домашнего ареста. Эти обвинения вызвали эмоциональную реакцию блогера, которая и стала причиной судебного риска.;Федеральная служба исполнения наказаний сообщила суду, следственным органам и Генпрокуратуре о том, что оппозиционер Алексей Навальный во время домашнего ареста пользовался интернетом.;У оппозиционера Алексея Навального минувшей ночью прошли обыски после появления новых данных по делу о хищении средств партии «Союз правых сил», сообщает РИА Новости.;Соратник оппозиционера Алексея Навального Владимир Ашурков объявлен в федеральный розыск по делу о хищении средств на избирательную кампанию Навального на выборах мэра Москвы в 2013 году. ;0;Соратник оппозиционера Алексея Навального Георгий Албуров заявил, что ему предъявили обвинение в краже картины «Плохой и хороший человек», сообщает РИА Новости. ;0;В ответ на запрос издания «Лента.ру» Следственный комитет приступил к проверке публикации LifeNews о финансировании оппозиционера Алексея Навального Кремлём.;Депутат от фракции ЛДПР Михаил Дегтярёв одобрил действия руководства Facebook, которое подчинилось распоряжению Роскомнадзора и заблокировало страницу сторонников блогера Алексея Навального.;Оппозиционный политик Алексей Навальный останется под домашним арестом. Такое решение сегодня принял Мосгорсуд.;​Пресс-секретарь Алексея Навального Кира Ярмыш сообщила, что оппозиционер обжалует решение Пресненского суда Москвы, который арестовал его на 15 суток за нарушение порядка агитации при организации шествия «Весна».;ФСИН России попросила суд изменить наказание оппозиционеру Алексею Навальному по делу «Кировлеса» с условного на реальное.;Ольга Михайлова, адвокат оппозиционера Алексея Навального, вошла в дело об убийстве политика Бориса Немцова в качестве защитника интересов потерпевших.;"Ранее LifeNews опубликовал информацию с заголовком «Кремль тайно финансировал Навального» о том, что на деятельность оппозиционного блогера шли средства, в том числе полученные от выигранных государственных тендеров.
";Оппозиционера Алексея Навального забросали яйцами перед пресс-конференцией в Новосибирске неизвестные с плакатами Национально-освободительного движения.;Пресс-секретарь президента РФ Дмитрий Песков заявил, что Кремль не запрещает чиновникам и руководителям госкомпаний упоминать имя оппозиционера Алексея Навального.;0;Замоскворецкий суд Москвы признал законным отказ управления Федеральной миграционной службы выдать оппозиционеру Алексею Навальному загранпаспорт из-за того, что он условно осуждён.;0;0;Пресс-секретарь президента РФ Дмитрий Песков объяснил, почему Кремль не заинтересовался расследованием оппозиционера Алексея Навального в отношении генпрокурора РФ Юрия Чайки.;0;Пресс-секретарь президента РФ Дмитрий Песков заявил, что Владимир Путин не знает о том, что против него подан иск в суд со стороны оппозиционера Алексея Навального.; То есть блогер Навальный даже толком не может ни получить, ни переварить информацию, которую пытается иметь. В результате информация имеет его.;0;"Ранее стало известно, что транспортная полиция проводит проверку по инциденту с участием Алексея Навального в аэропорту Анапы. В своём Twitter оппозиционер сообщил о нападении казаков на группу ФБК.
";0;0;Люблинский суд Москвы отказал ФСИН в просьбе перевести оппозиционера Алексея Навального в колонию, тем самым заменив ему условный срок по делу Yves Rocher на реальное лишение свободы.;0;0;Вопрос о возможном участии оппозиционера Алексея Навального в президентской кампании не стоит на повестке дня, заявил пресс-секретарь президента России Дмитрий Песков.;Пресс-секретарь президента России Дмитрий Песков, отвечая на вопрос журналиста, прокомментировал сообщения о намерениях оппозиционного блогера Алексея Навального баллотироваться в президенты на выборах 2018 года.;Ленинский суд Кирова постановил принудительно доставить оппозиционера Алексея Навального на процесс по делу о хищении средств у «Кировлеса». ;Защита оппозиционера Алексея Навального обжаловала приговор Ленинского суда Кирова, по которому он был признан виновным в хищении средств компании «Кировлес», передаёт ТАСС со ссылкой на адвоката Ольгу Михайлову.;Могорсуд признал законным арест оппозиционера Алексея Навального на 15 суток за неповиновение полиции.;Пресс-секретарь президента России Дмитрий Песков прокомментировал появившееся в интернете видео, в котором оппозиционер Алексей Навальный сравнивается с Адольфом Гитлером.;Бизнесмен Алишер Усманов объявил творческий конкурс на создание пародий на тему его видеобращений к оппозиционеру Алексею Навальному.;Прибывшие в спецприёмник врачи оказали медицинскую помощь оппозиционеру Алексею Навальному.;Федеральная служба исполнения наказаний (ФСИН) России направила в суд представление с просьбой продлить оппозиционеру Алексею Навальному испытательный срок на один год.;"Возглавил рейтинг премьер-министр России Дмитрий Медведев, он смог набрать в общей сложности 21 балл. В списке также фигурируют глава Чечни Рамзан Кадыров (14 баллов), министр обороны Сергей Шойгу (17 баллов) и оппозиционер Алексей Навальный (10 баллов).
";Правоохранительные органы освободили оппозиционера Алексея Навального после составления протокола о неоднократном нарушении организации проведения мероприятия.;Оппозиционер Алексей Навальный освобождён из спецприёмника после 20 суток административного ареста за призыв участвовать в несогласованном мероприятии. Об этом сообщает ТАСС со ссылкой на источник в правоохранительных органах.; Глава кабмина прокомментировал возможное участие Владимира Путина в президентских выборах, а также деятельность оппозиционера Алексея Навального. ;Верховный суд России отклонил жалобу блогера Алексея Навального на отказ Центризбиркома в регистрации инициативной группы для самовыдвижения кандидатом в президенты на выборах 2018 года.;"Однако в одной из групп «ВКонтакте» остались комментарии, где этот пользователь высказывался в поддержку блогера Алексея Навального.
";Всероссийскую известность Алекс Лесли и его ученица Настя Рыбка получили после так называемого расследования, которое опубликовал 8 февраля блогер Алексей Навальный. ;Блогер Алексей Навальный, компания-учредитель сайта «Медиазона», шеф-редактор издания Znak.com Аксана Панова и Роскомнадзор стали третьими лицами по иску бизнесмена Олега Дерипаски к Насте Рыбке (Анастасии Вашукевич) и Алексу Лесли (Александру Кириллову).;Ранее блогер Алексей Навальный опубликовал на своём сайте ролик, в котором на основе анализа фотографий из Instagram работницы индустрии эскортных услуг Насти Рыбки утверждалось, что вице-премьер Сергей Приходько и Рыбка отдыхали на яхте Дерипаски. ;Тверской суд Москвы арестовал блогера Алексея Навального на 15 суток за сопротивление сотрудникам полиции в ходе несогласованной акции в столице 5 мая.;Люблинский суд Москвы постановил взыскать с блогера Алексея Навального 1 рубль по иску российского предпринимателя Михаила Прохорова о защите чести и достоинства, сообщает ТАСС.;0;Тверской суд Москвы отправил под домашний арест блогера Алексея Навального по делу о повторном нарушении порядка организации публичного мероприятия. Об этом сообщила пресс-секретарь суда Анастасия Дзюрко.;Симоновский суд Москвы арестовал на 20 суток блогера Алексея Навального за нарушение организации митинга.;Глава Росгвардии Виктор Золотов, комментируя предложение блогера Алексея Навального провести теледебаты, заявил, что приглашал его на спортивный поединок. Об этом информирует ТАСС.;Запрет на выезд за рубеж с блогера Алексея Навального снят после оплаты им задолженности по делу «Кировлеса».;Исковое заявление главы Росгвардии Виктора Золотова к блогеру Алексею Навальному оставлено без движения.;Исковое заявление главы Росгвардии Виктора Золотова к блогеру Алексею Навальному возвращено.;Арбитражный суд Москвы обязал блогера Алексея Навального опровергнуть распространённую информацию о поставках некачественных продуктов по завышенным ценам для Росгвардии и удалить соответствующие данные по делу крымского мясокомбината «Дружба народов» с сайта.;"Действия пресс-секретаря либертарианцев поддержал оппозиционер Алексей Навальный. «Какая молодец!» — написал он в своём Twitter.
";Пресс-секретарь российского президента Дмитрий Песков прокомментировал сообщения о том, что Европейский суд по правам человека (ЕСПЧ) удовлетворил иск блогера Алексея Навального к России.;Симоновский суд Москвы отправил под арест на 20 суток бывшего главу штаба блогера Алексея Навального Леонида Волкова за нарушение правил организации митинга.;0;Блогера Алексея Навального доставили из спецприёмника в московскую клиническую больницу №64.;0;0;0;0;0;0;0;0;0;Официальный представитель Министерства иностранных дел Мария Захарова в своём Facebook заявила, что оппозиционер Алексей Навальный отказался общаться с ней напрямую в рамках запланированных дебатов.;Ветеран Игнат Артёменко, который снялся в ролике о Конституции и которого оппозиционер Алексей Навальный впоследствии назвал «холуём» и «предателем», рассказал RT о том, как защищал родину во время Великой Отечественной войны. ;Блогера Алексея Навального доставили из спецприёмника в московскую клиническую больницу №64. ;Российские врачи пригласили прибывших из Германии коллег поучаствовать в консилиуме касательно состояния блогера Алексея Навального и получить всю информацию о методах его лечения.;Напомним, что инцидент с Алексеем Навальным произошёл в августе 2020 года. 20-го числа блогер вылетел из Томска в Москву. ;В Москве неоднократно отмечали нежелание Германии и ОЗХО сотрудничать по инциденту с Навальным. В частности, российской стороне не были переданы официальные доказательства отравления блогера, хотя Генпрокуратура РФ четыре раза отправляла запрос немецким коллегам. Все они были проигнорированы.;После выздоровления основателя Фонда борьбы с коррупцией* Алексея Навального в Москве, как ожидается, возобновится приостановленный судебный процесс по обвинению оппозиционера в клевете на ветерана ВОВ Игната Артёменко, которого тот публично назвал «предателем» и «холуём»;Спустя месяц менее трети членов Организации по запрещению химического оружия (56 из 193) подписали заявление, в котором утверждалось, что российский блогер пострадал от вещества из группы «Новичок». ;Напомним, 17 января блогер Алексей Навальный прилетел в Россию из Германии, где проходил лечение, и был задержан в аэропорту Шереметьево.;Так, в октябре 2020-го главы МИД стран Европейского союза согласовали введение антироссийских санкций из-за ситуации вокруг якобы отравления блогера Алексея Навального, который проходил лечение в берлинской клинике «Шарите».;;;;;;;;;;;;;;;;;;;;;;;;;;;;;;;;
Дождь;Ренат Давлетгильдеев о том, как из блогера и юриста Алексей Навальный превратился в борца с коррупцией и политзаключенного.;Политик Алексей Навальный прогнозирует нарастание общественного протеста после президентских выборов.;Об этом сегодня со ссылкой на известного блогера и юриста Алексея Навального сообщает «Коммерсантъ». ;Кстати, и в нашей стране есть немало сторонников свободного ношения оружия. Например, лидер ЛДПР Владимир Жириновский и блогер Алексей Навальный.;Политик Алексей Навальный раскрыл список спонсоров, пожертвовавших деньги в Фонд по борьбе с коррупцией.;Блогер и оппозиционный политик Алексей Навальный вошёл в совет директоров «Аэрофлота». ;Сегодня блогер и политик Алексей Навальный снова прибыл на допрос в Следственный комитет России.;Но именно в эфире этой радиостанции 2 февраля 2011 года Навальный назвал «Единую Россию» «партией жуликов и воров», после чего формулировку подхватили многие оппозиционеры, а представители партии даже подавали на блогера и политика в суд.;На встречу не приехал политик Алексей Навальный, лидер «Левого Фронта» Сергей Удальцов, эколог Евгения Чирикова.;Оба политика были задержаны сегодня во время акции «От Лубянки до Лефортово». Сторонники, собравшиеся у отдела, их встретили аплодисментами, передает корреспондент «Интерфакса».;Политик Алексей Навальный занял первое место на выборах в Координационный совет оппозиции; Оппозиционер Алексей Навальный и его брат Олег обвиняются в мошенничестве и отмывании денег на сумму свыше 55 миллионов рублей. ;"Это одно из многочисленных дел, возбужденных в рамках преследования оппозиционера Навального и связанное с основным делом «Кировлеса».
";Блогер Алексей Навальный не вошел в перечень кандидатов в новый состав совета директоров «Аэрофлота».;Фигурантами этого дела являются политик Алексей Навальный и предприниматель Петр Офицеров.;Партия сторонников блогера Алексея Навального «Народный альянс» подала документы в Министерство юстиции для официальной регистрации. ;Первомайский райсуд Кирова во вторник отказал адвокатам блогера Алексея Навального в удовлетворении жалобы на осмотр полицией помещения, в котором размещается штаб оппозиционера.;"Политик и кандидат в мэры Москвы Алексей Навальный о том, как могли бы сложиться его отношения с Ходорковским, если тот был бы на воле.
"; Сотрудники правоохранительных органов задержали Алексея Навального на выходе из здания Мосгоризбиркома, где он подал подписи необходимые для регистрации кандидатом в мэры Москвы. Об этом сообщают активисты и журналисты, сопровождавшие оппозиционера.;Оппозиционер Алексей Навальный обвинил действующего главу города Сергея Собянина в том, что тот не предоставил в избирком справки о согласии президента Владимира Путина на свое выдвижение, как этого требует нынешнее законодательство о выборах.;Вечером 19 сентября в ходе общения с журналистами на форуме «Валдай» Владимир Путин опроверг свое якобы нежелание называть оппозиционного политика Алексея Навального по имени и в ответ на вопрос иностранного журналиста произнес его имя.;"Оппозиционер Алексей Навальный объявил сбор подписей под инициативой о введении визового режима со странами Средней Азии и Закавказья. 
";"Навальный опубликовал расследование накануне, 27 ноября. Как утверждает политик, он обнаружил у замглавы администрации президента Вячеслава Володина, руководителя аппарата правительства Сергея Приходько, секретаря генсовета партии «Единая Россия» Сергея Неверова, экс-куратора подготовки к саммиту АТЭС во Владивостоке Николая Ашлапова и председателя думского комитета по экономической политике Игоря Руденского участки с домами, стоимость которых превышает их годовые доходы в 10 раз.
";"Навальный также заявил, что все, кто сейчас обвиняются по «болотному делу» — это случайно задержанные люди. По словам оппозиционера, полиция выхватывала из толпы тех, кто стоял в первых рядах.

";"Оппозиционера Алексея Навального вызвали на допрос по неизвестному ему делу. 
";"Следственный комитет России обратился в Басманный суд с требованием заключить оппозиционера Алексея Навального под домашний арест. 
";Политик Алексей Навальный, находящийся под домашним арестом, попросил следователя разрешить ему посетить кинотеатр вместе с сыном Захаром, которому в среду, 26 марта, исполнилось шесть лет.;ФСИН просит Замоскворецкий суд Москвы поместить в СИЗО политика Алексея Навального, обвиняемого по делу о хищении в «Ив Роше», сообщает 24 апреля РИА Новости со ссылкой на его адвоката Вадима Кобзева.;"Федеральная служба исполнения наказаний (ФСИН) России поставила в известность суд, следствие и Генпрокуратуру о том, что оппозиционер Алексей Навальный под домашним арестом пользовался интернетом.
";"Оппозиционер Алексей Навальный получил предупреждение об отмене условного срока.
";"Защита политика готовит обращения в Европейский суд по правам человека, сообщает радиостанция «Русская служба новостей» со ссылкой на адвоката Навального Дамира Гайнутдинова.
";"Юлию Навальную, супругу политика Алексея Навального, вызвали на допрос в Главное следственное управление Следственного комитета. 
";«Партия Прогресса» Алексея Навального добилась регистрации 43 региональных отделений, сообщается в блоге, который ведут сотрудники и сторонники политика от его имени.;"В конце сентября политик сообщил, что подал в суд на надзорный орган за отказ в регистрации его СМИ под названием «Информационное агентство Алексея Навального». 
";Защита политика уточнила у следователя Романа Нестерова, который занимается этим делом, вносились ли в материалы дела какие-либо изменения. ;"Оппозиционеру Алексею Навальному продлили домашний арест до 15 февраля 2015 года. 
";"Политик Алексей Навальный предложил ввести компенсационный налог в рамках пересмотра процессов передачи государственного имущества в частную собственность
";Навальный, в частности, рассказал о случае слежки за Немцовым в конце января 2014 года. Тогда политики встретились, чтобы обсудить марш «Весна», о чем «знало мало народа». ;Федеральная служба исполнения наказаний (ФСИН) вновь попросила изменить условный срок оппозиционеру Алексею Навальному на реальный по «делу Кировлеса», сообщает во вторник, 31 марта, «Интерфакс».;Следователи Санкт-Петербурга в середине апреля начали допрашивать горожан, которые жертвовали деньги на избирательную кампанию оппозиционного политика Алексея Навального осенью 2013 года. ;Оппозиционный политик Алексей Навальный заявил в интервью «Радио Свобода» и «Голосу Америки» что Борис Ельцин использовал «систему, в том числе, для фальсификации выборов» президента, которые прошли в 1996 году.;Россия выплатила компенсации политикам Алексею Навальному и Илье Яшину по требованию Европейского суда по правам человека, который ранее признал незаконным их арест 5 декабря 2011 года.;"Избирательная комиссия Новосибирской области окончательно отказала «Демократической коалиции» в регистрации на выборах в областной парламент, пишет в своем твиттере в понедельник, 27 июля, пресс-секретарь политика Алексея Навального Кира Ярмыш.
";"Бывший глава ЮКОСа Михаил Ходорковский и политик Алексей Навальный запустили на сайте «Открытой России» программу помощи политзаключенным. 
";"Оппозиционер Алексей Навальный призвал российских журналистов к забастовке в поддержку Олега Кашина, расследованием дела об избиении которого занимается Следственный комитет.
";"Оппозиционер Алексей Навальный обвинил в четверг, 22 октября, на своей странице в фейсбуке ВЦИОМ в «придумывании» цифр рейтинга, комментируя недавний результат президента России Владимира Путина.
";По версии следствия, 18 июля 2013 года он оказывал сопротивление сотруднику полиции во время народного схода в поддержку политика Алексея Навального. В тот день политика приговорили к 5 годам колонии по делу «Кировлеса» (на следующий день приговор заменили условным сроком).;"Политик Алексей Навальный выплатил долг по делу «Ив Роше». 
";"Жданов отмечает, что суд отказался проводить лингвистическую экспертизу записи оппозиционера, которую Саблин счел оскорбляющей. 
";"Московская полиция отказалась возбуждать дело о нападении на политика. 
";В оппозиционного политика Алексея Навального снова кинули торт около здания суда в Новосибирске.;По словам политика, один из двух нападавших плеснул в него «какой-то едкой синей химической жидкостью». Навальный «немного побегал за ним по стоянке», а потом «поехал домой переодеваться». «Рубашку пришлось выкинуть», — рассказал он.;Позже казаки обвинили оппозиционного политика Алексея Навального и сотрудников Фонда борьбы с коррупцией в развязывании драки в аэропорту Анапы.;Также политик заявил, что на выборах мэра Москвы получил 28% голосов избирателей. Он также ссылается на Конституцию, в которой говорится, что право избираться не имеют граждане, признанные судом недееспособными или находящиеся в местах лишения свободы.;В эфире программы «Вести недели» 10 апреля был показан сюжет, в котором утверждалось, что работу Навального финансируют зарубежные спецслужбы. В частности речь шла о связи политика с главой фонда Hermitage Capital Уильямом Браудером, которого телеканал назвал «агентом британских спецслужб».;"Оппозиционер Алексей Навальный обратился в Верховный суд (ВС) с заявлением о пересмотре его дела по «Кировлесу», чтобы получить возможность участвовать в президентских выборах 2018 года.
";"Оппозиционер и глава Фонда борьбы с коррупцией Алексей Навальный пожаловался в Конституционный суд (КС) на отказ Тверского райсуда Москвы рассмотреть его иск к президенту Владимиру Путину, сообщает «Коммерсантъ».
";;"Политик также напоминает о расследованиях «Фонтанки» и Русской службы «Би-би-си» в отношении Пригожина.
";"В ноябре Алексей Навальный вновь получил право участвовать в выборах — Верховный суд России отменил приговор по делу «Кировлеса», по которому политик был приговорен к пяти годам тюрьмы условно и к штрафу в размере 500 тысяч рублей. 
";Кроме того, ФБК оспорит в суде «ложные сведения НТВ о завышенной аренде и о зарплате сотрудников», отметил политик.;"47% знают об этом политике. В октябре 2013 года узнаваемость оппозиционера составила 54%.
";"Мосгорсуд в четверг отказался освободить оппозиционного политика Алексея Навального, передает корреспондент Дождя. 
";Телеканал РЕН ТВ опубликовал запись нападения на политика Алексея Навального в Москве, которое произошло 27 апреля.;"Бизнесмен Алишер Усманов обвинил политика Алексея Навального в «манипуляции общественным мнением» из-за слов о решении суда полностью удалить фильм-расследование «Он вам не Димон».
";"Сотрудники Федеральной службы исполнения наказаний (ФСИН) предупредили политика Алексея Навального об отмене условного срока по делам Кировлеса и Ив Роше. 
";"Президент России Владимир Путин был не прав, когда во время встречи со школьниками 21 июля сказал, что в России не уменьшается количество бюджетных мест в вузах. Об этом в своем блоге рассказал политик Алексей Навальный.
";Политик Алексей Навальный и мэр Екатеринбурга Евгений Ройзман призвали жителей Свердловской области бойкотировать губернаторские выборы, которые пройдут 10 сентября. ;"Политик Алексей Навальный провел митинг в Оренбурге, куда он приехал после того, как накануне его задержали в Москве.
";"Политик Алексей Навальный провел прямую трансляцию на сервисе потокового видео Twitch.
";"Политик Алексей Навальный не смог воспользоваться чехлом для айфона с дисплеем, который глава «Роснано» Анатолий Чубайс подарил ему во время дебатов на Дожде в июне 2015 года.
";"Политик Алексей Навальный записал новогоднее обращение. В нем он назвал год для себя интересным, а также рассказал, что «еще раз понял — какая у нас потрясающая страна».
";"Политик Алексей Навальный предположил, что его не арестовали после митинга 28 января, потому что планируют сделать это позже, чтобы он был изолирован во время выборов президента России 18 марта. 
";"Тверской суд Москвы отложил заседание по делу политика Алексея Навального о нарушении порядка проведения или организации митинга.
";В Общественной палате (ОП) обнаружили попытки иностранного вмешательства в президентские выборы со стороны штабов политика Алексея Навального.;«Ну вот. В последний рабочий день мэрия официально сообщила, что раз мы не согласны на площадки вне центра города, то митинг 5 мая вообще запрещается»,  — написал политик.;В Москву в спецприемник, где отбывает административный арест политик Алексей Навальный, приходил следователь по особо важным делам из Кемерово. ;Представитель ФСИН в просьбе о продлении испытательного срока Навальному ссылалась на три административных дела об арестах политика на митингах.;"Министерство юстиции приостановило процесс регистрации партии сторонников Алексея Навального «Россия будущего». Об этом говорится в документе, который политик опубликовал на своем сайте.
";"Политика задержали 25 августа рядом с его домом и доставили в отдел полиции, где он пробыл до суда.  
";"Адвокат Навального Вадим Кобзев в иске просил признать незаконным отказ выдать политику документ.
";"Алексея Навального 15 октября вызвали на допрос в полицию, сообщил политик в своем блоге.
";Политик назвал запрет на выезд незаконным, так как ФССП не уведомила его о нем заранее. ;"Таганский суд Москвы принял решение о блокировке сайта «Умное голосование» политика Алексея Навального, передает «Интерфакс».
";Навальный требует, чтобы палата начала дисциплинарное производство против Маликовой за то, что она представляла его интересы несмотря на то, что он от ее услуг отказался. Ранее политик уже обращался с этим требованием в саму палату, однако там отказались наказывать Маликову.;Политик Алексей Навальный запросил у администрации отеля Sokos в Петербурге записи с камер видеонаблюдения, чтобы опровергнуть заявления о том, что он якобы встречался в этой гостинице с Евгением Пригожиным. ; Политик заметил, что в действительности Соловьев получает деньги от российских налогоплательщиков, так как «Россия-1» убыточна;Политику присудили компенсацию морального ущерба в 20 тысяч евро и еще 2665 евро компенсации судебных издержек.;Политик отметил, что Соболь и Федермессер «в значительной степени поддерживают одни и те же избиратели». ;"Кроме того, задержан был политик Алексей Навальный. 
";Политика Алексея Навального госпитализировали из спецприемника в московскую клиническую больницу № 64.;"Политик должен выйти из спецприемника утром 23 августа.
";"Листовки заметили на столбах в Метрогородке, северном Измайлово и Гольяново, а также «в каждом» почтовом ящике, утверждает политик.
";Прокуратура Москвы попросила суд арестовать квартиру Алексея Навального в качестве обеспечительной меры по иску на пять миллионов рублей. Об этом сам политик рассказал в инстаграме.;Прокуратура Москвы требует взыскать с Алексея Навального, Ильи Яшина и других политиков 2,5 миллиона рублей в качестве компенсации за работу правоохранительных органов на акции 27 июля.;Метельский подал на Навального в суд летом 2019 года из-за расследований ФБК, согласно которым он владеет оффшорами, отелям в Австрии и недвижимостью на 5,7 миллиарда рублей. Прокуратура провела проверку и не нашла коррупционных нарушений в деятельности политика.;Политик добавил, что его будут постоянно штрафовать за отказ выполнить решение суда.;"В твитере видео опубликовали у себя руководитель проекта «РосПил» Александр Головач и политик Алексей Навальный. 
";"На политика Алексея Навального напали у входа в здание редакции радиостанции «Эхо Москвы».
";Политик Алексей Навальный обвинил радиостанцию «Эхо Москвы» в удалении новости про расследование московского штаба о сыне вице-мэра Москвы Максиме Ликсутове, который нарушил карантин после поездки во Францию. ;30 апреля официальный представитель МИД Мария Захарова вызвала политика Алексея Навального на дебаты. ;"Алексей Навальный разработал законопроект о повышении пенсий ветеранам Великой Отечественной войны до 200 тысяч рублей в месяц. Документ опубликован в блоге политика.
";Алексей Навальный зарабатывает в среднем 453 тысячи рублей в месяц. Об этом написал сам политик и опубликовал собственную налоговую декларацию. ;Сотрудники управления на транспорте МВД России по Сибирскому федеральному округу начало проверку в связи с госпитализацией политика Алексея Навального, передает ТАСС. ;Владимир Путин предположил, что политик отравился сам, а Мария Захарова заявила, что в России и СССР никогда не производили «Новичок».;Лечение Алексея Навального в немецкой клинике «Шарите» обошлось в 49,9 тысячи евро, рассказал политик в своем инстаграме. ;"Политик Алексей Навальный подал иск о защите чести и достоинства к пресс-секретарю президента России Дмитрию Пескову. 
";В Санкт-Петербурге у Гостиного двора прошла акция в поддержку политика Алексея Навального. ;Штаб Алексея Навального заявил об окончании протестной акции в поддержку оппозиционного политика в Москве. ;В июле политику предъявили обвинения. В августе рассмотрение иска было приостановлено из-за того, что Навальный впал в кому после отравления.;;;;;;;;;;;;;;;;;;;;;;;;;;;;;;;;
Новая Газета;Навальный удивил. Когда в Сахаровском центре оргкомитет акции «За честные выборы» обсуждал, каким должен быть митинг после окончания шествия, непримиримый блогер заявил, что надо трезво оценивать «свое место и роль» в сегодняшней ситуации:;Блогер Алексей Навальный, на прошлой неделе запустивший проект «Росвыборы» для координации наблюдателей 4 марта, достиг договоренности со штабом кандидата в президенты от КПРФ Геннадия Зюганова, чтобы ему предоставили мандаты для наблюдателей-волонтеров, сообщает «Газета.Ру» со ссылкой на «Ведомости». ;"В своей статье ""Борьба с коррупцией и есть моя экономическая программа"" блоггер отметил, что борьба с коррупцией - главная и фактически единственная структурная реформа, которую можно начинать хоть завтра и которая является ключевым условием для старта других реформ.";Блогер и миноритарий Навальный судится со многими компаниями, отстаивая свое право акционера на получение информации. ;Мировой суд номер №387 Басманного района Москвы назначил сегодня блогеру Алексею Навальному штраф в размере одной тысячи рублей за нарушение порядка проведения шествия, сообщает РАПСИ.;"Оппозиционер и автор проект ""РосПил"" Алексей Навальный вызван в Следственный комитет России для объяснений по поводу высказываний на декабрьских митингах в Москве.
";"Столичная полиция усилила меры безопасности у здания Следственного комитета в Техническом переулке, где, как ожидается, оппозиционеру Алексею Навальному будет предъявлено обвинение по «делу Кировлеса».
";"Напомним, в конце июня известный блогер обратился в правоохранительные органы с заявлением о том, что некими лицами был взломан его аккаунт в Twitter и электронная почта.
";"Решение взыскать с известного блоггера деньги в пользу ""единоросса"" Владимира Свирида принял 4 июня Люблинский районный суд столицы.
";МВД подозревает губернатора Никиту Белых и оппозиционера Алексея Навального в растрате денег СПС;0;"У родителей и у брата Алексея Навального Олега проходят обыски. Об этом в своем Twitter сообщил сам блогер.
";"Оппозиционеру Алексею Навальному предъявлено обвинение в окончательной редакции по уголовному делу о хищениях на предприятии ""Кировлес"", сообщил ""Интерфаксу"" официальный представитель СК РФ Владимир Маркин.
";Оппозиционер является обвиняемым по уголовному делу о хищениях в «Кировлесе».;Совет Федерации не собирается проверять сообщение оппозиционера Алексея Навального об израильском гражданстве и канадском бизнесе сенатора Виталия Малкина. ;Ленинский районный суд Кирова перенес на 24 апреля слушания по делу о «хищениях» в «Кировлесе», в рамках которого обвиняется оппозиционер Алексей Навальный и бизнесмен Петр Офицеров. ;В среду в Кирове возобновился процесс по «делу Кировлеса», обвиняемыми по которому проходят политик Алексей Навальный и Петр Офицеров. ;На прошлой неделе судья Блинов, несмотря на сопротивление защиты, назначил заседание на четверг, день, на который политик был вызван в Москве в главное здание СК на допрос по другому делу.;"Запланированной на сегодня акции в поддержку Алексея Навального не будет. Такое решение оппозиционер принял сам, не смотря на то, что его  сторонники хотели поддержать его на Лубянкой площади.
";Московский городской суд сегодня рассмотрит иск оппозиционера Алексея Навального к и.о. мэра Москвы Сергею Собянину.;"Алексей Навальный не будет присутствовать на апелляции по делу ""Кировлеса"", назначенной на 9 октября. Об этом политик сообщил в своем микроблоге в Twitter.
";"Политик Алексей Навальный будет присутствовать на рассмотрении апелляционной жалобы по делу «Кировлесу» 9 октября. 
";В этой сентенции ясно угадывается намек на позицию политика Алексея Навального, теми же словами завершившего призыв сторонников категорически выходить на Русский марш: ;В зале присутствовали оппозиционеры Алексей Навальный и Дмитрий Гудков, которые ранее были опрошены как свидетели по данному делу. ;"Оппозиционный политик Алексей Навальный вызван в Следственный комитет на допрос по делу о хищении около 100 миллионов рублей у партии ""Союза правых сил"", сообщает РИА Новости со ссылкой на пресс-службу ведомства.
";"Всероссийское общество охраны природы собирается обратиться в правоохранительные органы с просьбой о проверке оппозиционера Алексея Навального, который был заподозрен в браконьерстве.
";"Адвокат политика Ольга Михайлова заявила в интервью радиостанции «Эхо Москвы», что намерена добиваться отмены постановления.
";"Федеральная служба исполнения наказаний (ФСИН) проведет проверку в связи с возможным нарушением условий домашнего ареста оппозиционером Алексеем Навальным, передает Интерфакс со ссылкой на представителя ФСИН.
";Федеральная служба исполнения наказаний сообщила суду, следствию и Генпрокуратуре, что находящийся под домашним арестом оппозиционер Алексей Навальный пользовался интернетом. ;"Напомним, Навальный является фигурантом нескольких уголовных дел. В настоящее время политик сидит под домашним арестом в рамках дела о хищении у компании «Ив Роше Восток».
";Как сообщает газета «Ведомости», оппозиционер Алексей Навальный подал жалобу в Европейский суд по правам человека (ЕСПЧ) в ответ на решение Люблинского суда, который обязал Навального выплатить полмиллиона рублей руководителю Фонда развития гражданского общества (ФоРГО) Константину Костину.;"Представитель прокуратуры в Замоскворецком суде Москвы ходатайствовал об ужесточении меры пресечения политику Алексею Навальному, сообщает Интерфакс.
";Политик Алексей Навальный начал кампанию за ратификацию статьи о незаконном обогащении Конвенции ООН против коррупции. ;Пока политик Алексей Навальный отсиживается под домашним арестом за преступление, которого не мог совершить, друзья пытаются лишить его этой привилегии.;Следственный комитет начал проверку по информации LifeNews о том, что оппозиционный политик Алексей Навальный финансировался властями через через компанию Александрины Маркво, гражданской жены его соратника Владимира Ашуркова.;Оппозиционный политик Алексей Навальный отказался давать показания по делу о хищении средств из кошелька «Яндекс.Деньги», предназначенных на его избирательную кампанию. ;Политик Алексей Навальный анонсировал проведение в Москве стотысячного антикризисного марша «Весна» 1 марта 2015 года. ;"Политик Алексей Навальный допустил проведение антикризисного марша «Весна» 1 марта в районе Марьино на юго-востоке Москвы.
";"Люблинский суд Москвы перенес рассмотрение вопроса о замене Алексею Навальному условного срока на реальный по делу «Кировлеса» на 13 мая, написала в Twitter пресс-секретарь оппозиционера Кира Ярмыш.
";Люблинский суд Москвы обязал политика Алексея Навального являться дважды в месяц в определенные дни к инспектору во ФСИН в течение всего условного срока, к которому его приговорили по делу «Ив Роше». ;"Оппозиционного политика Алексея Навального забросали яйцами перед пресс-конференцией в Новосибирске неизвестные, передает Интерфакс.
";"Оппозиционеру Алексею Навальному запретили выезд за рубеж, отказав в выдаче загранпаспорта. Об этом политик сообщил в своем блоге.
";"Кремль запретил российским чиновникам и руководителям государственных компаний упоминать имя оппозиционера Алексея Навального в публичных выступлениях.
";Администрация видеохостинга YouTube предупредила политика Алексея Навального о том, что Роскомнадзор считает ролик оппозиционера про предвыборные обещания «Единой России» вредным для детей и требует ограничить к нему доступ.;"Костромской избирком заподозрил оппозиционера Алексея Навального в агитации в день выборов, пишет в Twitter юрист Фонда борьбы с коррупцией Иван Жданов.
";"Никулинский суд Москвы удовлетворил иск компании «Кировлес» к оппозиционному политику Алексею Навальному, Петру Офицерову и Вячеславу Опалеву  и обязал их выплатить более 16 миллионов в пользу компании.
";Член Совета Федерации Дмитрий Саблин и его супруга Алла Саблина подали иск в Люблинский суд Москвы иск о защите чести и достоинства к оппозиционному политику Алексею Навальному, передает «Русская служба новостей».;"Оппозиционный политик Алексей Навальный  опубликовал в своём блоге концессионное соглашение  Роставтодора и оператора платежной системы для большегрузов «Платон» компании «РТ-Инвест транспортные системы».
";"Алексей Навальный обратился в Следственный комитет с просьбой проверить митинг в Грозном в поддержку главы Чечни Рамзана Кадырова. Об этом оппозиционный политик сообщил в своем блоге.
";Неизвестные кинули торт в главу Фонда борьбы с коррупцией Алексея Навального. Как сам политик написал в Instagram, это произошло у входа в офис организации.;"Неизвестные забросали оппозиционного политика Алексая Навального пирожными в Новосибирскве, передает Интерфакс.
";"Возле офиса Фонда борьбы с коррупцией неизвестные напали на политика Алексея Навального.
";"Полиция Краснодарского края отпустила оппозиционера Алексея Навального и сотрудников Фонда борьбы с коррупцией, об этом сам политик написал в твиттере.
";"Председатель Центризбиркома России Элла Памфилова ответила на письмо политика Алексея Навального, который требовал пустить «Партию прогресса» и оппозиционных кандидатов на выборы в Госдуму, сообщает ТАСС.
";"Оппозиционного политика Алексея Навального вызвали на допрос по делу о клевете.
";"Так называемые кубы использовал оппозиционер Алексей Навальный в своей избирательной кампании на выборах мэра Москвы в 2013 году.
";0;На Кубани задержан казак Николай Нестеренко, которого оппозиционер Алексей Навальный обвинял в организации нападения на сотрудников Фонда борьбы с коррупцией. ;Минюст России перечислил политику Алексею Навальному компенсацию, присужденную Европейским судом по правам человека (ЕСПЧ) по делу «Кировлеса».;Впрочем, за первые сутки после своего заявления Навальный собрал на кампанию больше 3 миллионов рублей. «За 24 часа мы поняли, что точно сможем вести и финансировать настоящую низовую кампанию, основанную на небольшом вкладе каждого», — написал политик в своем блоге.;"Оппозиционный политик Алексей Навальный подаст в суд на телекомпанию НТВ за нарушение неприкосновенности частной жизни.
";Защита политика Алексея Навального обратилась Комитет министров Совета Европы с просьбой  изучить «дело Кировлеса». ;У основателя Фонда борьбы с коррупцией (ФБК) Алексея Навального изъяли паспорт и шнурки от обуви черного цвета. Постановление о выемке опубликовано в блоге политика.;Сотрудники полиции проводят доследственную проверку из-за нападения на политика Алексея Навального в Москве — неизвестный облили его зеленкой, после чего у политика диагностировали ожог глаза.;Мосгорсуд отклонил жалобу защиты оппозиционера Алексея Навального на решение Тверского суда о штрафе за несанкционированную акцию. ;Федеральная служба исполнения наказаний (ФСИН) предупредила политика Алексея Навального о возможной отмене условного срока по делам «Кировлеса» и «Ив Роше», сообщила в твиттере пресс-секретарь Кира Ярмыш.;Политик Алексей Навальный в своем блоге сообщил, что его штаб собрал 98 млн рублей пожертвований с момента объявления в декабре прошлого года о его участии в президентских выборах.;Московский городской суд оставил в силе решение Симоновского суда о продлении на год испытательного срока политику Алексею Навальному. ;Полиция отпустила ранее задержанного оппозиционного политика Алексея Навального после составления протокола о неоднократном нарушении организации проведения мероприятия (20.2.8 КоАП РФ).;Политик Алексей Навальный вышел на свободу после 20 суток административного ареста, который он получил за повторное нарушение правил проведения митингов и демонстраций.;Тверской суд Москвы отказался принять иск политика Алексея Навального к президенту России Владимиру Путину, написал в фейсбуке юрист ФБК Иван Жданов.;Политик Алексей Навальный обжаловал в Верховном суде решение Центризбиркама об отказе в регистрации инициативной группы, выдвинувшей его в кандидаты на пост президента России.;Президиум Верховного суда отказался рассматривать жалобу политика Алексея Навального на решение Центризбиркома о его недопуске на выборы президента России, передает Интерфакс.;Политик Алексей Навальный удалил со своего сайта navalny.com расследование про бизнесмена Олега Дерипаску и российского вице-премьера Сергея Приходько по требованию Роскомнадзора. ;Краснодарский краевой суд отказался снять запрет на публикацию расследования Фонда борьбы с коррупцией (ФБК) политика Алексея Навального о вице-премьере Сергее Приходько, бизнесмене Олеге Дерипаске и Насте Рыбке.;Оппозиционный политик Алексей Навальный отказался проводить митинг на проспекте академика Сахарова, где мэрия Москвы согласовала акцию, и призвал всех идти на Тверскую улицу.;Европейский суд по правам человека (ЕСПЧ) назначил политику Алексею Навальному компенсацию в размере двух тысяч евро за отказ Федеральной миграционной службы (ФМС) и суда выдать ему загранпаспорт, говорится в постановлении ЕСПЧ.;Политик Алексей Навальный подал в Министерство юстиции документы для регистрации партии «Россия будущего».;В Костроме сторонник политика Алексея Навального Александр Зыков объявил сухую голодовку с требованием освободить политических заключенных: бывшего полицейского Руслана Рахаева, активиста Михаила Цакунова и украинского режиссера Олега Сенцова. ;Министерство юстиции приняло решение о приостановлении регистрации партии сторонников Алексея Навального «Россия будущего». Ответ департамента Минюста по делам некоммерческих организаций политик опубликовал в своем блоге.;Люблинский суд Москвы отклонил иск оппозиционного политика Алексея Навального к отделу по вопросам миграции ОМВД России по району Марьино, который в 2015 году отказался выдавать загранпаспорт оппозиционеру.;Глава Росгвардии Виктор Золотов предложил проверить политика Алексея Навального на полиграфе. ;Оппозиционный политик Алексей Навальный объявил о запуске проекта «Умное голосование», который, по его словам, поможет объединить усилия оппозиции и выбрать сильных кандидатов, которые составят конкуренцию «Единой России» на региональных выборах.;Люблинский суд Москвы оставил без движения исковое заявление главы Росгвардии Виктора Золотова к политику Алексею Навальному, заявили в пресс-службе суда «Новой газете».;Политик Алексей Навальный решил создать профсоюз для борьбы за повышение зарплат бюджетников, об этом он сообщил на своем сайте. ;Политик Алексей Навальный опроверг сообщения о его встрече 2 февраля с бизнесменом Евгением Пригожиным, которого называют «кремлевским поваром». ;Всероссийский центр изучения общественного мнения (ВЦИОМ) в рамках опроса о профсоюзах в феврале спрашивал респондентов о политике Алексее Навальном и его профсоюзе, однако результаты не были опубликованы. ;Компания «Московский школьник», которую связывают с петербургским бизнесменом Евгением Пригожиным, потребовала от оппозиционного политика Алексея Навального, юриста Любови Соболь и Фонда борьбы с коррупцией выплатить ей по 500 млн рублей в качестве компенсации ущерба деловой репутации.;Партия политика Алексея Навального «Россия будущего» в девятый раз направила документы на регистрацию в Министерство юстиции.;Сотрудники московского штаба политика Алексея Навального сообщили о том, что обнаружили в столице офис, в котором фальсифицировали подписи в поддержку некоторых кандидатов в Мосгордуму. ;Политика Алексея Навального выписали из больницы им. Виноградова, куда его накануне госпитализировали из спецприемника.;Политик Алексей Навальный вышел из спецприемника после 30 суток административного ареста за призыв выйти на несогласованную акцию в поддержку независимых кандидатов в Мосгордуму. ;Спикер Госдумы Вячеслав Володин поручил комиссии по расследованию фактов вмешательства иностранных государств во внутренние дела России проверить деятельность политика Алексея Навального и незарегистрированного кандидата в депутаты Мосгордумы Любови Соболь;Арбитражный суд Москвы постановил взыскать с политика Алексея Навального, Фонда борьбы с коррупцией и юриста Любови Соболь по 29,2 млн рублей по иску пищевого комбината «Московский школьник»;Федеральная служба безопасности отказалась возбуждать дело после отравления политика Алексея Навального о производстве химоружия (ст. 355 УК). ;Симоновский суд Москвы обязал политика Алексея Навального опровергнуть и удалить фрагменты расследования Фонда борьбы с коррупцией о недвижимости лидера московского отделения «Единой России» Андрея Метельского.; В нем участвовали в том числе представители «Солидарности», Фонда борьбы с коррупцией политика Алексея Навального, «Яблока», ПАРНАСа, Либертарианской партии и «Партии перемен». ;"Президент Татарстана Рустам Минниханов использует для своих поездок частный самолет Falcon 8Х стоимостью 3 миллиарда рублей. К такому выводу пришли сотрудники казанского штаба политика Алексея Навального, которые опубликовали новое расследование.
";"Неизвестные напали на политика Алексея Навального за несколько минут до начала эфира на «Эхе Москвы». Его облили прокисшим молоком и посыпали мукой, сообщил политик в своем твиттере.
";"«Яндекс» признал неудачным новый алгоритм поиска, который показывал пользователям некачественный контент о политике Алексее Навальном. 
";"Официальный представитель МИД Мария Захарова пригласила политика Алексея Навального на дебаты. 
";Телеканал Russia Today подал иск в Абритражный суд Москвы против политика Алексея Навального, юриста Фонда борьбы с коррупцией Любовь Соболь и издание Znak.com. ;Зять премьера Михаила Мишустина, бизнесмен Александр Удодов подал иск в Люблинский суд Москвы к политику Алексею Навальному. ;Зять премьера Михаила Мишустина, бизнесмен Александр Удодов подал иск в Люблинский суд Москвы к политику Алексею Навальному. ;"Великобритания и Европейский союз потребовали привлечь к отвественности причастных к отравлению политика Алексея Навального. 
";"За последний год рейтинг одобрения деятельности политика Алексея Навального, как и в целом его известность, вырос в два раза. 
";Президент России Владимир Путин во время выступления на заседании дискуссионного клуба «Валдай» заявил, что сам поручил разрешить политику Алексею Навальному вылететь в Германию на лечение.;Правительство отметило, что в команду по перевозке политика входил врач, который специализируется на транспортировке тяжелобольных пациентов.;Накануне в Федеральной службе исполнения наказаний пригрозили Навальному заменой условного срока на реальный по делу «Ив Роше». ФСИН потребовала от политика явиться 29 декабря «для регистрации», ссылаясь на статью в медицинском журнале The Lancet, написанную на основе материалов берлинской клиники «Шарите». ;Симоновский суд Москвы на выездном заседании в Мосгорсуде удовлетворил ходатайство ФСИН о замене условного срока Алексея Навального по делу «Ив Роше» на реальный. Навальному заменили условный срок на 3,5 года колонии общего режима. При этом политику сократят срок до 2 лет и 8 месяцев с учетом времени, проведенном под домашним арестом, сообщает корреспондент «Новой газеты» из зала суда.;;;;;;;;;;;;;;;;;;;;;;;;;;;;;;;;
Радио Свобода;Среди политиков, которых он привлек бы к работе в новом кабинете, Михаил Прохоров назвал экс-министра финансов Алексея Кудрина, депутата Госдумы от «Справедливой России» Оксану Дмитриеву, известного блогера, основателя Интернет-проекта «РосПил» Алексея Навального.;Тогда это связали с тем, что Лебедев публично поддержал оппозиционера Алексея Навального, предложив выдвинуть его в совет директоров «Аэрофлота».;Сегодня же оппозиционному активисту и блогеру Алексею Навальному суд назначил наказание в виде штрафа в одну тысячу рублей – по делу о нарушении правил организации митинга на Пушкинской площади 5 марта. ;"На митинге выступили Олег Шеин, лидеры ""Справедливой России"" Николай Левичев и Сергей Миронов, актер Максим Виторган, оппозиционный блогер Алексей Навальный.";Так Сергей Удальцов и оппозиционный блогер Алексей Навальный были приговорены к 15 суткам ареста.;Сегодня же повторно был опрошен блогер Алексей Навальный.;"Блогер Алексей Навальный вызван в ближайший понедельник в Следственный комитет России для предъявления обвинения по статье ""причинение имущественного ущерба"", сообщают его адвокаты.";"Известный блогер-оппозиционер Алексей Навальный, который был в зале суда во время оглашения приговора, написал, что произошло ""демонстративное унижение правосудия"".";;Член Координационного совета оппозиции блогер Алексей Навальный подал в Европейский суд по правам человека (ЕСПЧ) первую жалобу на действия полицейских 6 мая на Болотной площади в Москве.;Известные деятели оппозиции тоже эти планы поддерживают – блогер Алексей Навальный и бывший депутат Госдумы Геннадий Гудков называли оружие «последней линией обороны в борьбе с преступностью».;;Известные деятели оппозиции тоже эти планы поддерживают – блогер Алексей Навальный и бывший депутат Госдумы Геннадий Гудков называли оружие «последней линией обороны в борьбе с преступностью». ;о многом эту работу провел юрист и блогер Алексей Навальный.;" Блогер Алексей Навальный написал в твиттере, что репортаж о выборах в Узловой ""похож на криминальную хронику"".";Адвокаты Алексея Навального пока для комментариев недоступны. Еще вчера все защитники оппозиционера присутствовали на слушаниях в Кирове, по другому делу, фигурантом которого являются Алексей Навальный и Петр Офицеров.;Давид Диаз-Жожекс упомянул и преследование оппозиционера Алексея Навального, который пытается защитить себя в суде от обвинения в экономических преступлениях. ;Партия РПР-ПАРНАС может выдвинуть оппозиционера Алексея Навального своим кандидатом в мэры Москвы.;"В центре Москвы полиция оттеснила из района Манежной площади к метро участников несанкционированного народного гулянья в поддержку оппозиционера Алексея Навального, осужденного в четверг на 5 лет по обвинению в хищении средств компании ""Кировлес"".";"В дебатах на телеканале участвовали также лидер ""Яблока"" Сергей Митрохин, оппозиционный политик Алексей Навальный – от РПР-ПАРНАС и кандидат от ЛДПР Михаил Дегтярев. ";"Алексей Навальный осужден к пяти годам лишения свободы по обвинению в хищении в компании ""Кировлес"". Сам оппозиционер считает дело политическим";"Оппозиционер заявил в интервью газете ""Московский комсомолец"", что, если будет на свободе, обязательно примет участие в предвыборной кампании оппозиции.";Как сообщила Интерфаксу адвокат Навального Ольга Михайлова, документы об исполнении судебного решения оппозиционный политик уже представил в Федеральную службу исполнения наказаний.; Тогда в ходе столкновений с полицией были задержаны около 300 человек, в том числе оппозиционный блогер, ставший в 2013 году кандидатом в мэры Москвы, Алексей Навальный;"Оппозиционер Алексей Навальный вызван на допрос в качестве свидетеля по делу о хищении денег у партии ""Союз правых сил"" (СПС). ";"В ответ на эти обвинения политик и блогер опубликовал в своем ""Живом журнале"" копию ходатайства о праве выезжать в Московскую область, удовлетворенного следователем.";Ранее сегодня в Саратове сторонники Партии прогресса, возглавляемой Алексеем Навальным, провели серию пикетов в поддержку оппозиционного политика.;Таким образом, суд отклонил требование гособвинения и Федеральной службы исполнения наказаний (ФСИН) об изменении меры пресечения оппозиционеру с домашнего ареста на заключение под стражу.;"На нем напечатаны фотографии погибших в столкновениях в Одессе 2 мая и представителей ""культурной оппозиции"" – писателей Дмитрия Быкова и Бориса Акунина, музыкантов Андрея Макаревича и Юрия Шевчука, политиков Бориса Немцова и Алексея Навального.";Апелляционная жалоба оппозиционного политика Алексея Навального на приговор по делу о клевете на муниципального депутата Алексея Лисовенко в понедельник была отклонена.;"Московский городской суд отклонил жалобу оппозиционного политика Алексея Навального на решение Люблинского суда о блокировке блога в ""Живом журнале"".";В этом преступлении обвиняют основателя Фонда борьбы с коррупцией, оппозиционного политика Алексея Навального и его брата Олега.;"Оппозиционный политик Алексей Навальный находится под домашним арестом по делу о мошенничестве со средствами компании ""Ив Роше"".";Его обвинили в мошенничестве со средствами, собранными на избирательную кампанию политика Алексея Навального, когда тот баллотировался на место мэра столицы.;Сопоставил эти два события в своем блоге политик Алексей Навальный. ;"Замоскворецкий суд Москвы во вторник, 30 декабря, вынесет приговор оппозиционному политику Алексею Навальному и его брату Олегу по делу о хищении средств компании ""Ив Роше"".";"Оппозиционный политик Алексей Навальный призвал россиян выйти на ""Антикризисный марш"". ";Ашурков, соратник оппозиционного политика Алексея Навального, также является фигурантом уголовного дела о мошенничестве при финансировании избирательной кампании Навального в 2013 году.;"Оппозиционный политик Алексей Навальный заявил, что поставки Вашингтоном оружия на Украину ""кардинально не изменят ситуацию"" в Донбассе, однако усилят давление Кремля на российскую оппозицию, которую обвиняют в связях с Западом.";"Захват Россией Крыма был нарушением международных договоренностей, стратегически это принесет стране большой вред, заявил в четверг в интервью Радио Свобода и ""Голосу Америки"" оппозиционный политик Алексей Навальный.";Замоскворецкий суд Москвы признал законным лишение государственной регистрации Партии прогресса, возглавляемой оппозиционным политиком Алексеем Навальным.; По тому же делу был осужден брат политика – Олег. ;В начале июля политик Алексей Навальный и представители Партии народной свободы подали в суд иск о защите чести, достоинства и деловой репутации.;В числе акций этой организации – нападение на участников антивоенного пикета в Москве, на активистов, следящих за мемориалом памяти Бориса Немцова на Москворецком мосту, а также попытки сорвать встречи оппозиционного политика Алексея Навального со своими сторонниками в Новосибирске.;"Оппозиционного политика Алексея Навального в среду допросили в Следственном комитете по делу о сломанном микрофоне телеканала ""Лайфньюс"".";"Брату оппозиционного политика Алексея Навального Олегу, осужденному на три с половиной года лишения свободы по делу ""Ив Роше"", предъявили еще четыре дисциплинарных взыскания и пригрозили перевести его из исправительной колонии в тюрьму.";Сам Олег Навальный и его сторонники считают, что таким образом администрация колонии пытается оказать давление на его брата – оппозиционного политика Алексея Навального. ;Об этом в понедельник заявил оппозиционный политик Алексей Навальный, глава Фонда борьбы с коррупцией.;"Люблинский суд Москвы частично удовлетворил иск о защите чести и достоинства члена Совета Федерации, одного из лидеров движения ""Антимайдан"" Дмитрия Саблина к оппозиционному политику Алексею Навальному, постановив взыскать с него 408 тысяч рублей.";"Политик Алексей Навальный во вторник заявил, что понятие ""самострой"" неприменимо к снесенным торговым павильонам.";"Оппозиционный политик, основатель Фонда борьбы с коррупцией Алексей Навальный подаст в суд на ""Первый канал"" и, возможно, на другие телеканалы по факту цензуры.";"Ранее адвокат Вадим Кобзев, представляющий интересы оппозиционного политика Алексея Навального, в комментарии для газеты ""Ведомости"" рассказал, что у его подзащитного более десяти исков об административных правонарушениях, к которым защита пыталась приобщить аудио- и видеозаписи, но получала отказы.";На оппозиционного политика Алексея Навального, сотрудников и волонтеров созданного им Фонда борьба с коррупцией сегодня напали неизвестные в аэропорту Анапы.;"Суд в Орловской области отказал в условно-досрочном освобождении осужденному по делу ""Ив Роше"" Олегу Навальному – брату оппозиционного политика Алексея Навального.";"Олег Навальный, брат оппозиционного политика Алексея Навального, осужденный на 3,5 года колонии по делу ""Ив Роше"", нарисовал картинки-стикеры для сервиса по обмену сообщениями Telegram.";Архитектора Сергея Ахметова, обвиняемого в применении насилия к полицейскому во время народного схода в поддержку оппозиционного политика Алексея Навального, отпустят из СИЗО под подписку о невыезде.;Оппозиционный политик Алексей Навальный призвал лидеров демократических партий снять некоторые кандидатуры из списков кандидатов на думских выборах 18 сентября. ;Оппозиционер Алексей Навальный сообщил, что участок в Ивановской области, который Фонд борьбы с коррупцией (ФБК) считает дачей премьер-министра России Дмитрия Медведева, охраняют сотрудники ФСО.;Следствие прекратило уголовное преследование архитектора Сергея Ахметова, обвиняемого в применении насилия к полицейскому во время народного схода в поддержку оппозиционного политика Алексея Навального. ;"Оппозиционный политик Алексей Навальный, который заявил на этой неделе о своем намерении участвовать в выборах президента России в 2018 году, готов гарантировать безопасность Владимиру Путину и его семье в случае ""нормального перехода власти"".";"Оппозиционного политика Алексея Навального принудительно отправили из Москвы на суд в Киров, несмотря на то что, как сообщили соратники Навального, он сам ранее купил билет до Кирова и собирался добровольно явиться завтра на суд по делу ""Кировлеса"", по которому его обвиняют в хищении.";"В Екатеринбурге предвыборный штаб оппозиционного политика Алексея Навального атаковали представители ""Народно-освободительного движения"" (НОД) во главе с уральским активистом Ильей Белоусом";Суд в Екатеринбурге отклонил иск сторонников оппозиционного политика Алексея Навального к министерству общественной безопасности Свердловской области из-за отказа в согласовании проведения митинга против коррупции 26 марта.;В Краснодаре на штаб оппозиционного политика Алексея Навального напала группа людей, причисляющих себя к Кубанскому реестровому казачеству.;Во Владивостоке полицейские задержали сторонника политика Алексея Навального Максима Чихунова возле его дома.;"По мнению ректората, оппозиционный политик Алексей Навальный планирует провокации, ""используя трудности сегодняшнего дня"" и ""недовольство в студенческой среде"".";В Омске прошла встреча оппозиционера Алексея Навального с его сторонниками. Политик рассказал о своей предвыборной программе и ответил на вопросы жителей города. ;В минувшую субботу в десятках городов России прошли акции в поддержку оппозиционера Алексея Навального. Сам политик находится под арестом. ; В то же время рейтинг оппозиционера Алексея Навального вырос до 1,8 процента и по этому показателю он обогнал лидера КПРФ Геннадия Зюганова (1,7 процента). ; Оппозиционер Алексей Навальный ранее обещал через ЕСПЧ добиться компенсаций для всех незаконно задержанных на акциях протеста 26 марта.;Оппозиционный политик Алексей Навальный также подал документы для участия в выборах, но ЦИК ответила отказом, сославшись на судимость оппозиционера. ;В Новосибирской области жители города Татарска отказываются участвовать в президентских выборах, поскольку власть не хочет решать их проблемы. Об этом сообщает оппозиционер Алексей Навальный на своем сайте.;Оппозиционный политик Алексей Навальный после отказа в регистрации на выборах призвал своих сторонников к бойкоту голосования.;Сервис YouTube направил владельцам канала политика Алексея Навального NavalnyLive письмо с требованием удалить запись трансляции Навального, запрещенную в России по иску предпринимателя Олега Дерипаски. ;8 марта оппозиционный российский политик Алексей Навальный опубликовал данные о нарушении водителем (или водителями) служебного автомобиля Леонида Слуцкого правил дорожного движения. ;"Координатор штаба оппозиционного политика Алексея Навального в Челябинске Борис Золотаревский, отбывающий 25 суток ареста за организацию акции ""Он нам не царь"" 5 мая, объявил голодовку. "; Кульминацией митинга стало выступление оппозиционного политика Алексея Навального. Вот его полная расшифровка:;В первых числах июня российскому политику Алексею Навальному исполнилось 42 года. ;"У самой колонии сегодня прошли одиночные пикеты против пыток. Их провели сторонники оппозиционного политика Алексея Навального.
";Тверской суд Москвы арестовал Алексея Навального на 30 суток, ранее политик заявил, что это устроено лишь для того, чтобы помешать ему участвовать в протестной акции 9 сентября.;Оппозиционного политика Алексея Навального задержали сегодня рано утром на выходе из спецприемника сразу после того, как он отбыл 30 суток административного ареста.;Оппозиционный политик Алексей Навальный требует изъять дачу у главы Росгвардии Виктора Золотова, утверждая, что генерал незаконно владеет имуществом, ранее находившимся в государственной собственности.;"Началось все с поста кинокритика Антона Долина, прокомментировавшего расследование оппозиционного политика Алексея Навального о ведущем телеканала ""Россия"" Сергее Брилеве";"В свою очередь, оппозиционный политик Алексей Навальный, комментируя новую инициативу депутатов, сообщил, что у него ""нет фотографии, где он катается по полу от смеха"".";"Однако политик Алексей Навальный считает, что версия о теракте – основная. ""Такое количество фактов уже невозможно игнорировать"", – пишет он о материале ""Базы"".";Об этом заявил российский оппозиционный политик Алексей Навальный в интервью международному деловому изданию Financial Times.;"Прокуратура Набережных Челнов в Татарстане подала в суд иск с требованием запретить три паблика ""ВКонтакте"", поддерживающие оппозиционного политика Алексея Навального. ";"Российский оппозиционный политик Алексей Навальный получил повестку во французский суд в связи с иском в отношении компании ""Ив Роше"".";Судьи также не разрешили политику Алексею Навальному принять участие в процессе в качестве общественного защитника.;"Основателя Фонда борьбы с коррупцией политика Алексея Навального, задержанного на акции в Москве в поддержку журналиста Ивана Голунова, оставляют в отделе полиции по району ""Строгино"" до утра. ";Митинг у московской мэрии в центре города в субботу, 27 июля, был анонсирован на прошлой неделе оппозиционным политиком Алексеем Навальным.;Помимо Гальперина 24 июля по обвинению в призывах выйти к мэрии были арестованы политик Алексей Навальный, координатор его московского штаба Олег Степанов, а также гражданские активисты Константин Котов и Александр Арчагов. ;Политик Алексей Навальный заявил об успехе своей стратегии “Умного голосования” – призыва голосовать за проходных кандидатов от оппозиции, чтобы нарушить монополию “Единой России” в городском парламенте.;Возможно, не все – сторонники, к примеру, политика Алексея Навального. ;В Евпатории вчера полиция задержала координатора белгородского штаба политика Алексея Навального Максима Климова и оператора-монтажера Александра Данилова.;При этом оппозиционер утверждает, что и зарплаты Костина в ВТБ не хватило бы на содержание яхты.;15 сентября 2016 года оппозиционный политик Алексей Навальный опубликовал расследование о даче Дмитрия Медведева в городе Плес Ивановской области.;Сотрудник Фонда борьбы с коррупцией Руслан Шаведдинов, отправленный проходить срочную службу на Новой Земле, записал видеообращение. Об этом сообщил оппозиционер Алексей Навальный.;;Глава местного штаба оппозиционного политика Алексея Навального Ольга Картавцева заявила корреспонденту сайта Сибирь.Реалии, что подала на чиновников мэрии заявление в Следственный комитет.; Вот здесь о перспективах этого всего рассуждают политик Алексей Навальный,;Оппозиционный политик Алексей Навальный опубликовал законопроект, в котором предлагает ежемесячно выплачивать участникам Великой Отечественной войны и инвалидам до 200 тысяч рублей.;Следователь назначил подписку о невыезде политику Алексею Навальному по уголовном делу о клевете из-за высказывания про людей, снявшихся в рекламном ролике за поправки к Конституции. ;Недавно оппозиционный политик Алексей Навальный объявил о ликвидации созданного им Фонда борьбы с коррупцией.;"Президент Франции Эммануэль Макрон в своём обращении 22 сентября к участникам 75-й сессии Генеральной ассамблеи ООН (заседания проходят дистанционно) призвал Россию прояснить обстоятельства ""попытки убийства"" политика Алексея Навального. ";Отравление Навального произошло в конце августа в России, сейчас политик проходит реабилитацию в Германии.;"Правительство Германии сообщило, что следы боевого отравляющего вещества из группы ""Новичок"", которым был отравлен Алексей Навальный, были обнаружены не только на бутылке с водой, из которой пил политик в томском отеле, но и на других предметах.";Москве оштрафовал оппозиционного политика Алексея Навального на 350 тысяч рублей;23 января акции с требованием освободить арестованного политика Алексея Навального состоялись более чем в 100 городах России.;23 и 31 января, а также 2 февраля по всей России прошли массовые акции протеста в поддержку арестованного оппозиционного политика Алексея Навального.;;;;;;;;;;;;;;;;;;;;;;;;;;;;;;;;
